{
    "BaseResponse": {
        "Ret": 0,
        "ErrMsg": ""
    },
    "AddMsgCount": 2,
    "AddMsgList": [
        {
            "MsgId": "12628789951487813",
            "FromUserName": "@@25949c029bfedfd8cd795f5ec5dbdfdbd355e0c13669097735c55313825608fc",
            "ToUserName": "@e22300534aecf79f7ac4cdf5c474efbf",
            "MsgType": 1,
            "Content": "@bb55062400ee42f95c433325412193650918e020638e8765cf90e1b1e1806182:<br/><span class=\"emoji emoji1f633\"></span><span class=\"emoji emoji1f633\"></span><span class=\"emoji emoji1f633\"></span><span class=\"emoji emoji1f633\"></span>",
            "Status": 3,
            "ImgStatus": 1,
            "CreateTime": 1525766023,
            "VoiceLength": 0,
            "PlayLength": 0,
            "FileName": "",
            "FileSize": "",
            "MediaId": "",
            "Url": "",
            "AppMsgType": 0,
            "StatusNotifyCode": 0,
            "StatusNotifyUserName": "",
            "RecommendInfo": {
                "UserName": "",
                "NickName": "",
                "QQNum": 0,
                "Province": "",
                "City": "",
                "Content": "",
                "Signature": "",
                "Alias": "",
                "Scene": 0,
                "VerifyFlag": 0,
                "AttrStatus": 0,
                "Sex": 0,
                "Ticket": "",
                "OpCode": 0
            },
            "ForwardFlag": 0,
            "AppInfo": {
                "AppID": "",
                "Type": 0
            },
            "HasProductId": 0,
            "Ticket": "",
            "ImgHeight": 0,
            "ImgWidth": 0,
            "SubMsgType": 0,
            "NewMsgId": 12628789951487813,
            "OriContent": "",
            "EncryFileName": ""
        },
        {
            "MsgId": "7502370823178448174",
            "FromUserName": "@e22300534aecf79f7ac4cdf5c474efbf",
            "ToUserName": "@@25949c029bfedfd8cd795f5ec5dbdfdbd355e0c13669097735c55313825608fc",
            "MsgType": 51,
            "Content": "",
            "Status": 3,
            "ImgStatus": 1,
            "CreateTime": 1525766024,
            "VoiceLength": 0,
            "PlayLength": 0,
            "FileName": "",
            "FileSize": "",
            "MediaId": "",
            "Url": "",
            "AppMsgType": 0,
            "StatusNotifyCode": 1,
            "StatusNotifyUserName": "@@25949c029bfedfd8cd795f5ec5dbdfdbd355e0c13669097735c55313825608fc",
            "RecommendInfo": {
                "UserName": "",
                "NickName": "",
                "QQNum": 0,
                "Province": "",
                "City": "",
                "Content": "",
                "Signature": "",
                "Alias": "",
                "Scene": 0,
                "VerifyFlag": 0,
                "AttrStatus": 0,
                "Sex": 0,
                "Ticket": "",
                "OpCode": 0
            },
            "ForwardFlag": 0,
            "AppInfo": {
                "AppID": "",
                "Type": 0
            },
            "HasProductId": 0,
            "Ticket": "",
            "ImgHeight": 0,
            "ImgWidth": 0,
            "SubMsgType": 0,
            "NewMsgId": 7502370823178448174,
            "OriContent": "",
            "EncryFileName": ""
        }
    ],
    "ModContactCount": 0,
    "ModContactList": [],
    "DelContactCount": 0,
    "DelContactList": [],
    "ModChatRoomMemberCount": 0,
    "ModChatRoomMemberList": [],
    "Profile": {
        "BitFlag": 0,
        "UserName": {
            "Buff": ""
        },
        "NickName": {
            "Buff": ""
        },
        "BindUin": 0,
        "BindEmail": {
            "Buff": ""
        },
        "BindMobile": {
            "Buff": ""
        },
        "Status": 0,
        "Sex": 0,
        "PersonalCard": 0,
        "Alias": "",
        "HeadImgUpdateFlag": 0,
        "HeadImgUrl": "",
        "Signature": ""
    },
    "ContinueFlag": 0,
    "SyncKey": {
        "Count": 8,
        "List": [
            {
                "Key": 1,
                "Val": 679222019
            },
            {
                "Key": 2,
                "Val": 679222069
            },
            {
                "Key": 3,
                "Val": 679222051
            },
            {
                "Key": 11,
                "Val": 679221798
            },
            {
                "Key": 201,
                "Val": 1525766024
            },
            {
                "Key": 1000,
                "Val": 1525765980
            },
            {
                "Key": 1001,
                "Val": 1525765922
            },
            {
                "Key": 2001,
                "Val": 1525765218
            }
        ]
    },
    "SKey": "",
    "SyncCheckKey": {
        "Count": 8,
        "List": [
            {
                "Key": 1,
                "Val": 679222019
            },
            {
                "Key": 2,
                "Val": 679222069
            },
            {
                "Key": 3,
                "Val": 679222051
            },
            {
                "Key": 11,
                "Val": 679221798
            },
            {
                "Key": 201,
                "Val": 1525766024
            },
            {
                "Key": 1000,
                "Val": 1525765980
            },
            {
                "Key": 1001,
                "Val": 1525765922
            },
            {
                "Key": 2001,
                "Val": 1525765218
            }
        ]
    }
}