{
    "BaseResponse": {
        "Ret": 0,
        "ErrMsg": ""
    },
    "AddMsgCount": 1,
    "AddMsgList": [
        {
            "MsgId": "4924974068859496698",
            "FromUserName": "@02874435812cf12a4136023d7e3a49a5",
            "ToUserName": "filehelper",
            "MsgType": 1,
            "Content": "[机智][机智][机智][机智]",
            "Status": 3,
            "ImgStatus": 1,
            "CreateTime": 1528878559,
            "VoiceLength": 0,
            "PlayLength": 0,
            "FileName": "",
            "FileSize": "",
            "MediaId": "",
            "Url": "",
            "AppMsgType": 0,
            "StatusNotifyCode": 0,
            "StatusNotifyUserName": "",
            "RecommendInfo": {
                "UserName": "",
                "NickName": "",
                "QQNum": 0,
                "Province": "",
                "City": "",
                "Content": "",
                "Signature": "",
                "Alias": "",
                "Scene": 0,
                "VerifyFlag": 0,
                "AttrStatus": 0,
                "Sex": 0,
                "Ticket": "",
                "OpCode": 0
            },
            "ForwardFlag": 0,
            "AppInfo": {
                "AppID": "",
                "Type": 0
            },
            "HasProductId": 0,
            "Ticket": "",
            "ImgHeight": 0,
            "ImgWidth": 0,
            "SubMsgType": 0,
            "NewMsgId": 4924974068859496698,
            "OriContent": "",
            "EncryFileName": ""
        }
    ],
    "ModContactCount": 0,
    "ModContactList": [],
    "DelContactCount": 0,
    "DelContactList": [],
    "ModChatRoomMemberCount": 0,
    "ModChatRoomMemberList": [],
    "Profile": {
        "BitFlag": 0,
        "UserName": {
            "Buff": ""
        },
        "NickName": {
            "Buff": ""
        },
        "BindUin": 0,
        "BindEmail": {
            "Buff": ""
        },
        "BindMobile": {
            "Buff": ""
        },
        "Status": 0,
        "Sex": 0,
        "PersonalCard": 0,
        "Alias": "",
        "HeadImgUpdateFlag": 0,
        "HeadImgUrl": "",
        "Signature": ""
    },
    "ContinueFlag": 0,
    "SyncKey": {
        "Count": 9,
        "List": [
            {
                "Key": 1,
                "Val": 679261685
            },
            {
                "Key": 2,
                "Val": 679261775
            },
            {
                "Key": 3,
                "Val": 679261518
            },
            {
                "Key": 11,
                "Val": 679261751
            },
            {
                "Key": 201,
                "Val": 1528878559
            },
            {
                "Key": 203,
                "Val": 1528876646
            },
            {
                "Key": 1000,
                "Val": 1528877722
            },
            {
                "Key": 1001,
                "Val": 1528866193
            },
            {
                "Key": 2001,
                "Val": 1528793845
            }
        ]
    },
    "SKey": "",
    "SyncCheckKey": {
        "Count": 9,
        "List": [
            {
                "Key": 1,
                "Val": 679261685
            },
            {
                "Key": 2,
                "Val": 679261775
            },
            {
                "Key": 3,
                "Val": 679261518
            },
            {
                "Key": 11,
                "Val": 679261751
            },
            {
                "Key": 201,
                "Val": 1528878559
            },
            {
                "Key": 203,
                "Val": 1528876646
            },
            {
                "Key": 1000,
                "Val": 1528877722
            },
            {
                "Key": 1001,
                "Val": 1528866193
            },
            {
                "Key": 2001,
                "Val": 1528793845
            }
        ]
    }
}