{
    "BaseResponse": {
        "Ret": 0,
        "ErrMsg": ""
    },
    "AddMsgCount": 1,
    "AddMsgList": [
        {
            "MsgId": "5965928743568873339",
            "FromUserName": "@e22300534aecf79f7ac4cdf5c474efbf",
            "ToUserName": "@@25949c029bfedfd8cd795f5ec5dbdfdbd355e0c13669097735c55313825608fc",
            "MsgType": 3,
            "Content": "&lt;?xml version=\"1.0\"?&gt;<br/>&lt;msg&gt;<br/>\t&lt;img aeskey=\"c660f2df84e746ec9881845a0aad6f65\" encryver=\"0\" cdnthumbaeskey=\"c660f2df84e746ec9881845a0aad6f65\" cdnthumburl=\"30500201000449304702010002048ecd3c4402032f56c1020425e5e77302045af157fa0422373632343935313539334063686174726f6f6d393230335f313532353736363133380204010400010201000400\" cdnthumblength=\"2602\" cdnthumbheight=\"67\" cdnthumbwidth=\"120\" cdnmidheight=\"0\" cdnmidwidth=\"0\" cdnhdheight=\"0\" cdnhdwidth=\"0\" cdnmidimgurl=\"30500201000449304702010002048ecd3c4402032f56c1020425e5e77302045af157fa0422373632343935313539334063686174726f6f6d393230335f313532353736363133380204010400010201000400\" length=\"47983\" cdnbigimgurl=\"30500201000449304702010002048ecd3c4402032f56c1020425e5e77302045af157fa0422373632343935313539334063686174726f6f6d393230335f313532353736363133380204010400010201000400\" hdlength=\"637747\" md5=\"9b41c14cd2ebdbf7b814a83fca3dadc1\" /&gt;<br/>&lt;/msg&gt;<br/>",
            "Status": 3,
            "ImgStatus": 2,
            "CreateTime": 1525766140,
            "VoiceLength": 0,
            "PlayLength": 0,
            "FileName": "",
            "FileSize": "",
            "MediaId": "",
            "Url": "",
            "AppMsgType": 0,
            "StatusNotifyCode": 0,
            "StatusNotifyUserName": "",
            "RecommendInfo": {
                "UserName": "",
                "NickName": "",
                "QQNum": 0,
                "Province": "",
                "City": "",
                "Content": "",
                "Signature": "",
                "Alias": "",
                "Scene": 0,
                "VerifyFlag": 0,
                "AttrStatus": 0,
                "Sex": 0,
                "Ticket": "",
                "OpCode": 0
            },
            "ForwardFlag": 0,
            "AppInfo": {
                "AppID": "",
                "Type": 0
            },
            "HasProductId": 0,
            "Ticket": "",
            "ImgHeight": 67,
            "ImgWidth": 120,
            "SubMsgType": 0,
            "NewMsgId": 5965928743568873339,
            "OriContent": "",
            "EncryFileName": ""
        }
    ],
    "ModContactCount": 0,
    "ModContactList": [],
    "DelContactCount": 0,
    "DelContactList": [],
    "ModChatRoomMemberCount": 0,
    "ModChatRoomMemberList": [],
    "Profile": {
        "BitFlag": 0,
        "UserName": {
            "Buff": ""
        },
        "NickName": {
            "Buff": ""
        },
        "BindUin": 0,
        "BindEmail": {
            "Buff": ""
        },
        "BindMobile": {
            "Buff": ""
        },
        "Status": 0,
        "Sex": 0,
        "PersonalCard": 0,
        "Alias": "",
        "HeadImgUpdateFlag": 0,
        "HeadImgUrl": "",
        "Signature": ""
    },
    "ContinueFlag": 0,
    "SyncKey": {
        "Count": 8,
        "List": [
            {
                "Key": 1,
                "Val": 679222019
            },
            {
                "Key": 2,
                "Val": 679222072
            },
            {
                "Key": 3,
                "Val": 679222051
            },
            {
                "Key": 11,
                "Val": 679221798
            },
            {
                "Key": 201,
                "Val": 1525766140
            },
            {
                "Key": 1000,
                "Val": 1525765980
            },
            {
                "Key": 1001,
                "Val": 1525765993
            },
            {
                "Key": 2001,
                "Val": 1525765218
            }
        ]
    },
    "SKey": "",
    "SyncCheckKey": {
        "Count": 8,
        "List": [
            {
                "Key": 1,
                "Val": 679222019
            },
            {
                "Key": 2,
                "Val": 679222072
            },
            {
                "Key": 3,
                "Val": 679222051
            },
            {
                "Key": 11,
                "Val": 679221798
            },
            {
                "Key": 201,
                "Val": 1525766140
            },
            {
                "Key": 1000,
                "Val": 1525765980
            },
            {
                "Key": 1001,
                "Val": 1525765993
            },
            {
                "Key": 2001,
                "Val": 1525765218
            }
        ]
    }
}