{
    "BaseResponse": {
        "Ret": 0,
        "ErrMsg": ""
    },
    "AddMsgCount": 1,
    "AddMsgList": [
        {
            "MsgId": "1978236370267160370",
            "FromUserName": "@e22300534aecf79f7ac4cdf5c474efbf",
            "ToUserName": "@1cd2e2fda84e4b875215484ec866bfa343894dbd42fecc16969939a42a65d27b",
            "MsgType": 1,
            "Content": "我想想",
            "Status": 3,
            "ImgStatus": 1,
            "CreateTime": 1525765802,
            "VoiceLength": 0,
            "PlayLength": 0,
            "FileName": "",
            "FileSize": "",
            "MediaId": "",
            "Url": "",
            "AppMsgType": 0,
            "StatusNotifyCode": 0,
            "StatusNotifyUserName": "",
            "RecommendInfo": {
                "UserName": "",
                "NickName": "",
                "QQNum": 0,
                "Province": "",
                "City": "",
                "Content": "",
                "Signature": "",
                "Alias": "",
                "Scene": 0,
                "VerifyFlag": 0,
                "AttrStatus": 0,
                "Sex": 0,
                "Ticket": "",
                "OpCode": 0
            },
            "ForwardFlag": 0,
            "AppInfo": {
                "AppID": "",
                "Type": 0
            },
            "HasProductId": 0,
            "Ticket": "",
            "ImgHeight": 0,
            "ImgWidth": 0,
            "SubMsgType": 0,
            "NewMsgId": 1978236370267160370,
            "OriContent": "",
            "EncryFileName": ""
        }
    ],
    "ModContactCount": 0,
    "ModContactList": [],
    "DelContactCount": 0,
    "DelContactList": [],
    "ModChatRoomMemberCount": 0,
    "ModChatRoomMemberList": [],
    "Profile": {
        "BitFlag": 0,
        "UserName": {
            "Buff": ""
        },
        "NickName": {
            "Buff": ""
        },
        "BindUin": 0,
        "BindEmail": {
            "Buff": ""
        },
        "BindMobile": {
            "Buff": ""
        },
        "Status": 0,
        "Sex": 0,
        "PersonalCard": 0,
        "Alias": "",
        "HeadImgUpdateFlag": 0,
        "HeadImgUrl": "",
        "Signature": ""
    },
    "ContinueFlag": 0,
    "SyncKey": {
        "Count": 8,
        "List": [
            {
                "Key": 1,
                "Val": 679222019
            },
            {
                "Key": 2,
                "Val": 679222056
            },
            {
                "Key": 3,
                "Val": 679222051
            },
            {
                "Key": 11,
                "Val": 679221798
            },
            {
                "Key": 201,
                "Val": 1525765802
            },
            {
                "Key": 1000,
                "Val": 1525765554
            },
            {
                "Key": 1001,
                "Val": 1525755914
            },
            {
                "Key": 2001,
                "Val": 1525765218
            }
        ]
    },
    "SKey": "",
    "SyncCheckKey": {
        "Count": 8,
        "List": [
            {
                "Key": 1,
                "Val": 679222019
            },
            {
                "Key": 2,
                "Val": 679222056
            },
            {
                "Key": 3,
                "Val": 679222051
            },
            {
                "Key": 11,
                "Val": 679221798
            },
            {
                "Key": 201,
                "Val": 1525765802
            },
            {
                "Key": 1000,
                "Val": 1525765554
            },
            {
                "Key": 1001,
                "Val": 1525755914
            },
            {
                "Key": 2001,
                "Val": 1525765218
            }
        ]
    }
}